"Transaction Date",c11,,bc_victoria,,bc_vancouver,,ab_calgary,,ab_edmonton,,mb_winnipeg,,on_hamilton,,on_toronto,,on_ottawa,,qc_montreal,,qc_quebec_city,,ns_halifax,
,Index,"Sales Pair Count",Index,"Sales Pair Count",Index,"Sales Pair Count",Index,"Sales Pair Count",Index,"Sales Pair Count",Index,"Sales Pair Count",Index,"Sales Pair Count",Index,"Sales Pair Count",Index,"Sales Pair Count",Index,"Sales Pair Count",Index,"Sales Pair Count",Index,"Sales Pair Count"
Jul-1990,,,45.97,198,55.36,1189,,,,,62.65,792,,,,,,,59.13,1654,61.71,261,57.04,221
Aug-1990,,,46.19,267,54.67,1586,,,,,62.56,809,,,,,,,58.82,1098,61.79,180,56.98,223
Sep-1990,,,46.30,210,54.48,1405,,,,,62.19,638,,,,,,,58.50,789,61.81,122,56.86,139
Oct-1990,,,45.85,219,54.21,1483,,,,,61.71,578,,,,,,,57.78,928,62.42,160,56.30,110
Nov-1990,,,45.91,277,55.41,1833,,,,,61.14,483,,,,,,,57.48,1054,62.55,151,55.93,129
Dec-1990,,,45.61,223,54.90,1887,,,,,60.91,452,,,,,,,57.50,832,62.71,75,55.46,107
Jan-1991,,,45.79,98,54.37,636,,,,,60.68,277,,,,,,,57.52,701,61.79,86,56.15,88
Feb-1991,,,46.01,158,52.60,1003,,,,,60.96,229,,,,,,,57.41,650,61.65,92,55.76,54
Mar-1991,,,46.19,287,53.07,2114,,,,,60.94,320,,,,,,,57.67,976,61.44,179,56.29,83
Apr-1991,,,46.94,333,54.05,2945,,,,,61.25,438,,,,,,,58.23,1167,62.11,204,56.14,99
May-1991,,,47.58,486,55.02,3322,,,,,61.21,487,,,,,,,58.77,2376,62.16,539,56.77,152
Jun-1991,,,48.64,437,55.81,3116,,,,,61.48,590,,,,,,,58.60,4002,62.37,871,56.91,184
Jul-1991,,,49.56,423,56.60,2755,,,,,61.72,872,,,,,,,58.48,1500,62.49,347,57.44,346
Aug-1991,,,50.08,407,57.33,2536,,,,,61.88,801,,,,,,,57.90,1301,62.05,301,57.67,300
Sep-1991,,,50.55,330,57.87,1903,,,,,61.91,625,,,,,,,57.72,1138,62.14,198,57.32,160
Oct-1991,,,51.00,300,57.81,2223,,,,,61.57,524,,,,,,,57.83,1166,61.65,230,56.65,127
Nov-1991,,,51.90,384,57.94,2186,,,,,61.15,392,,,,,,,58.03,1227,62.25,232,56.82,118
Dec-1991,,,52.57,298,58.25,1636,,,,,61.70,335,,,,,,,57.79,1917,62.34,265,57.17,106
Jan-1992,,,53.31,308,58.82,1981,,,,,61.39,263,,,,,,,57.49,534,62.93,94,57.49,123
Feb-1992,,,53.60,293,59.31,2105,,,,,61.54,236,,,,,,,57.70,755,62.91,156,57.25,63
Mar-1992,,,54.10,352,59.77,3081,,,,,60.82,371,,,,,,,58.21,1956,63.05,287,57.14,94
Apr-1992,,,54.38,465,60.47,3726,,,,,61.27,546,,,,,,,58.52,1711,63.37,272,57.20,132
May-1992,,,54.81,401,60.99,3171,,,,,61.65,597,,,,,,,58.39,2333,63.74,571,57.63,194
Jun-1992,,,54.91,492,61.50,3107,,,,,62.08,808,,,,,,,58.15,4913,64.07,1239,58.26,176
Jul-1992,,,55.38,438,61.83,2961,,,,,62.53,971,,,,,,,57.55,1192,64.06,396,58.59,420
Aug-1992,,,55.67,430,62.34,2806,,,,,62.75,883,,,,,,,57.29,1107,63.61,306,58.75,283
Sep-1992,,,56.29,436,62.72,3117,,,,,62.75,874,,,,,,,57.15,1174,63.37,251,58.96,135
Oct-1992,,,56.55,465,63.37,3455,,,,,62.75,640,,,,,,,57.13,1164,63.08,311,59.05,100
Nov-1992,,,57.14,491,63.94,4097,,,,,62.56,661,,,,,,,57.17,1321,63.22,262,58.89,80
Dec-1992,,,57.69,278,64.59,1971,,,,,62.40,506,,,,,,,56.67,1337,63.33,280,58.29,84
Jan-1993,,,57.91,242,65.14,1831,,,,,62.43,262,,,,,,,57.01,626,63.62,126,58.52,77
Feb-1993,,,58.38,262,65.55,1661,,,,,62.44,226,,,,,,,56.93,683,63.48,128,58.91,103
Mar-1993,,,58.57,349,66.23,2769,,,,,62.55,333,,,,,,,57.47,1127,63.26,195,59.29,145
Apr-1993,,,59.51,382,66.94,3389,,,,,62.37,447,,,,,,,57.56,1620,62.97,295,59.56,187
May-1993,,,60.02,467,67.43,3286,,,,,62.72,500,,,,,,,57.90,2272,63.63,522,59.23,275
Jun-1993,,,60.58,506,67.89,3985,,,,,63.05,842,,,,,,,58.04,4751,64.03,1187,59.40,154
Jul-1993,,,60.43,472,67.98,3215,,,,,63.46,935,,,,,,,57.81,1659,64.46,464,59.58,263
Aug-1993,,,60.00,452,68.37,2968,,,,,63.53,1018,,,,,,,57.26,1210,63.90,321,60.07,266
Sep-1993,,,59.94,356,68.43,2796,,,,,63.56,757,,,,,,,56.94,1199,63.62,230,60.17,255
Oct-1993,,,60.21,337,68.50,2663,,,,,63.30,662,,,,,,,56.78,1093,63.18,236,60.09,193
Nov-1993,,,60.42,391,68.55,2723,,,,,62.97,658,,,,,,,57.04,1206,63.27,242,59.86,151
Dec-1993,,,60.53,297,68.63,2076,,,,,62.96,417,,,,,,,57.15,1135,62.85,223,59.88,211
Jan-1994,,,61.10,332,68.80,2648,,,,,62.89,395,,,,,,,57.65,517,62.46,86,59.59,47
Feb-1994,,,61.66,411,69.18,2561,,,,,63.24,341,,,,,,,57.87,927,61.94,179,59.80,98
Mar-1994,,,62.40,492,69.64,3820,,,,,63.35,555,,,,,,,58.31,1517,62.71,232,59.64,118
Apr-1994,,,62.46,541,70.05,4545,,,,,63.74,681,,,,,,,58.45,1778,63.50,333,60.04,123
May-1994,,,62.54,533,70.29,5204,,,,,63.97,963,,,,,,,58.61,3158,64.43,669,60.37,186
Jun-1994,,,62.44,385,70.45,3447,,,,,64.08,1085,,,,,,,58.24,5609,64.15,1295,61.02,389
Jul-1994,,,62.31,364,70.60,2687,,,,,64.22,874,,,,,,,57.85,1788,64.18,430,60.97,266
Aug-1994,,,62.50,365,70.71,2871,,,,,64.10,1204,,,,,,,57.25,1113,63.71,298,61.27,297
Sep-1994,,,62.17,349,70.72,2326,,,,,64.02,913,,,,,,,57.08,955,62.80,336,61.16,246
Oct-1994,,,62.06,317,71.03,2489,,,,,63.75,731,,,,,,,56.62,933,62.32,211,60.76,140
Nov-1994,,,61.29,323,70.95,2873,,,,,63.57,615,,,,,,,56.56,1039,61.89,222,60.11,116
Dec-1994,,,61.67,260,71.13,2071,,,,,63.38,448,,,,,,,56.25,1143,62.61,213,59.76,189
Jan-1995,,,61.49,317,70.91,2566,,,,,63.14,326,,,,,,,56.41,669,62.20,140,60.14,63
Feb-1995,,,61.68,224,70.96,2047,,,,,63.21,347,,,,,,,56.41,868,62.27,145,60.08,93
Mar-1995,,,60.79,219,70.92,2125,,,,,63.03,478,,,,,,,56.82,1137,62.00,227,60.08,123
Apr-1995,,,60.43,200,70.90,1962,,,,,63.35,479,,,,,,,56.99,1176,62.35,220,60.29,82
May-1995,,,59.93,263,70.70,2371,,,,,63.33,700,,,,,,,57.33,2520,63.04,536,60.56,129
Jun-1995,,,59.98,325,70.42,2753,,,,,63.66,882,,,,,,,57.20,3929,63.38,1030,60.91,265
Jul-1995,,,59.85,396,70.02,2540,,,,,63.62,911,,,,,,,56.93,1400,63.26,418,60.78,377
Aug-1995,,,60.20,434,70.05,3159,,,,,63.60,1159,,,,,,,56.37,1111,62.62,283,60.82,548
Sep-1995,,,59.87,444,69.98,2855,,,,,63.54,805,,,,,,,56.02,1074,62.50,250,60.55,201
Oct-1995,,,59.53,365,69.92,2517,,,,,63.41,781,,,,,,,55.75,1009,62.30,272,60.29,134
Nov-1995,,,60.19,307,69.91,2667,,,,,63.28,615,,,,,,,55.72,1031,61.98,237,59.29,179
Dec-1995,,,60.29,296,69.64,2131,,,,,62.93,418,,,,,,,55.62,1020,61.83,261,59.05,114
Jan-1996,,,60.47,269,69.52,2089,,,,,62.84,305,,,,,,,55.57,771,61.77,150,59.06,105
Feb-1996,,,59.65,316,69.33,2153,,,,,62.82,287,,,,,,,55.64,856,62.25,191,59.94,142
Mar-1996,,,59.87,373,69.51,2946,,,,,63.11,377,,,,,,,55.81,1113,61.93,244,60.62,177
Apr-1996,,,59.57,460,69.78,3488,,,,,63.20,534,,,,,,,56.31,1844,62.22,360,61.00,224
May-1996,,,59.82,460,69.88,3719,,,,,63.38,693,,,,,,,56.69,4093,62.54,921,61.18,365
Jun-1996,,,59.49,404,69.98,3205,,,,,63.44,894,,,,,,,56.80,4753,62.94,1078,60.85,262
Jul-1996,,,59.86,477,70.01,3177,,,,,63.42,1078,,,,,,,56.46,1611,62.87,462,60.61,209
Aug-1996,,,59.75,485,70.07,3058,,,,,63.50,944,,,,,,,55.94,1191,62.83,328,60.18,176
Sep-1996,,,60.03,391,69.87,2706,,,,,63.32,724,,,,,,,55.54,1037,62.42,248,60.26,161
Oct-1996,,,60.01,395,69.80,3208,,,,,63.48,698,,,,,,,55.47,1176,62.04,276,60.35,236
Nov-1996,,,60.03,488,69.71,3622,,,,,63.33,601,,,,,,,55.51,1311,61.38,275,60.67,233
Dec-1996,,,59.99,312,69.92,2747,,,,,63.44,582,,,,,,,55.82,1376,61.42,208,60.68,152
Jan-1997,,,60.25,496,69.78,3521,,,,,63.26,502,,,,,,,55.95,1089,61.45,186,60.84,115
Feb-1997,,,60.59,316,69.91,3010,,,,,63.16,440,,,,,,,56.21,1169,61.81,214,60.98,183
Mar-1997,,,60.55,345,69.92,3154,,,,,63.34,528,,,,,,,56.50,1221,62.26,227,61.44,205
Apr-1997,,,60.58,440,70.18,3846,,,,,63.63,798,,,,,,,56.87,2387,62.72,427,61.55,250
May-1997,,,60.33,549,70.35,3975,,,,,64.10,750,,,,,,,57.10,4731,63.08,1095,61.85,449
Jun-1997,,,60.74,505,70.32,3568,,,,,64.29,942,,,,,,,56.90,6350,63.10,1487,61.90,330
Jul-1997,,,60.92,533,70.42,3357,,,,,64.43,1184,,,,,,,56.57,2029,63.23,498,62.17,264
Aug-1997,,,60.96,519,70.29,3368,,,,,64.50,1124,,,,,,,56.10,1357,62.51,341,62.06,212
Sep-1997,,,60.67,380,70.50,2637,,,,,64.38,1004,,,,,,,56.15,1161,62.32,300,61.87,171
Oct-1997,,,60.29,438,70.29,3106,,,,,64.29,854,,,,,,,56.16,1349,62.18,274,62.19,243
Nov-1997,,,60.36,358,69.88,3046,,,,,64.05,603,,,,,,,56.60,1100,62.94,279,62.19,165
Dec-1997,,,60.32,304,69.58,2461,,,,,63.88,502,,,,,,,56.59,1351,62.72,276,62.17,109
Jan-1998,,,60.96,341,69.27,2437,,,,,63.54,414,,,,,,,56.75,837,62.65,146,61.82,147
Feb-1998,,,60.75,318,69.36,2282,,,,,63.77,414,,,,,,,56.65,958,61.85,165,62.27,157
Mar-1998,,,61.05,338,69.25,2334,,,,,63.94,537,,,,,,,56.90,1265,62.29,239,62.89,203
Apr-1998,,,60.42,381,69.10,2482,,,,,64.19,541,,,,,,,57.27,2029,62.60,360,63.15,367
May-1998,,,60.62,365,68.94,2449,,,,,64.15,699,,,,,,,57.70,3813,63.44,794,63.48,277
Jun-1998,,,60.52,498,68.71,2997,,,,,64.55,1107,,,,,,,57.99,6241,63.29,1524,63.73,298
Jul-1998,,,60.85,491,68.54,2627,,,,,64.91,1154,68.02,107,68.38,537,62.68,163,57.95,2144,63.22,404,63.91,260
Aug-1998,,,60.43,451,68.29,2521,,,,,65.23,1249,67.81,102,68.25,559,62.76,136,58.00,1522,62.93,325,63.87,221
Sep-1998,,,59.97,439,67.93,2682,,,,,65.25,1045,68.05,85,68.17,428,62.93,104,57.96,1452,63.10,258,63.91,229
Oct-1998,,,59.67,345,67.58,2395,,,,,65.21,791,67.66,95,68.09,468,62.99,100,58.07,1537,62.53,257,63.90,249
Nov-1998,,,59.83,343,67.35,2100,,,,,65.05,624,67.32,71,68.13,448,62.29,85,58.02,1403,62.24,266,64.14,180
Dec-1998,,,60.04,330,66.89,1975,,,,,64.85,497,67.93,65,69.27,420,64.56,66,58.41,1430,62.04,256,64.53,132
Jan-1999,,,60.13,244,66.60,1862,,,,,64.78,271,68.31,53,68.91,316,64.06,43,58.49,875,61.87,156,64.89,86
Feb-1999,,,60.07,289,66.51,1933,69.40,497,,,64.77,301,69.05,50,69.07,301,65.64,48,58.70,997,62.21,160,65.31,204
Mar-1999,65.63,7309,60.00,381,66.66,2578,69.20,585,61.92,544,64.98,522,68.60,59,68.29,429,63.65,103,58.75,1598,62.72,278,65.47,232
Apr-1999,66.17,8540,60.21,390,67.01,2586,69.16,511,62.32,673,65.23,618,68.62,74,69.17,400,64.52,93,59.19,2438,63.71,407,65.97,350
May-1999,66.72,11380,60.32,373,67.06,2628,69.22,611,62.72,800,65.58,711,68.88,102,70.53,477,63.80,128,59.55,4324,64.06,871,66.19,355
Jun-1999,67.04,16677,60.66,563,67.19,3634,69.60,678,63.02,972,65.99,1108,69.40,115,70.95,738,64.29,208,59.77,6748,63.82,1570,66.50,343
Jul-1999,67.24,11016,60.45,501,67.26,3529,69.95,777,63.42,966,66.54,1373,70.11,105,71.18,716,64.17,195,60.07,2124,63.75,442,66.51,288
Aug-1999,67.15,9501,60.58,409,67.37,3016,70.25,598,63.57,932,66.75,1309,70.24,119,70.58,747,64.47,156,60.29,1665,63.86,314,66.47,236
Sep-1999,67.28,8319,60.75,390,67.44,2678,70.51,616,63.64,749,66.77,999,69.82,75,70.83,554,64.41,151,60.35,1505,63.84,289,66.64,313
Oct-1999,67.43,7318,60.76,334,67.55,2355,70.60,528,63.85,740,66.75,754,69.66,87,71.01,502,64.94,107,60.49,1453,64.22,266,66.87,192
Nov-1999,67.52,7864,60.67,441,67.59,2629,70.83,539,63.98,632,66.88,709,69.45,94,71.03,581,65.12,97,60.74,1648,64.21,297,67.50,197
Dec-1999,67.82,6200,60.46,288,67.71,1904,70.81,499,64.29,418,66.83,579,70.07,77,71.61,508,65.25,106,60.94,1377,64.72,288,67.64,156
Jan-2000,67.94,4304,60.64,192,67.70,1632,71.25,419,64.38,117,66.46,305,70.19,51,71.76,367,65.47,65,60.98,935,64.49,130,68.24,91
Feb-2000,68.30,5090,61.03,247,67.70,1623,71.55,352,64.79,459,66.53,386,70.51,60,72.50,307,65.71,73,60.97,1150,64.99,247,68.66,186
Mar-2000,68.45,6961,60.91,251,67.80,2078,72.21,526,64.96,618,66.77,492,70.73,75,72.47,470,66.02,94,61.29,1756,65.15,223,69.33,378
Apr-2000,68.96,7484,61.00,255,67.98,2037,72.56,575,65.52,617,67.55,572,71.83,96,73.20,387,66.72,104,61.67,2228,65.41,354,69.45,259
May-2000,69.33,12666,60.84,353,68.35,2353,73.09,622,65.93,867,67.88,916,72.70,100,73.44,640,67.39,175,62.21,5270,65.26,1072,69.64,298
Jun-2000,69.80,16279,61.47,419,68.70,2871,73.24,749,66.53,946,68.46,987,73.18,128,74.00,812,67.78,240,62.80,7045,65.35,1729,69.86,353
Jul-2000,70.09,9335,61.65,326,68.81,2369,73.62,678,66.86,787,68.82,1318,72.69,102,74.34,722,68.10,209,63.40,2049,65.81,494,70.04,281
Aug-2000,70.29,9766,61.91,362,68.73,2634,73.61,687,67.19,1046,69.09,1334,73.01,110,74.63,863,68.38,225,63.67,1842,66.24,334,70.25,329
Sep-2000,70.42,7700,61.83,326,68.33,2149,73.84,626,67.25,756,69.07,894,73.19,110,74.97,667,69.29,180,63.82,1526,66.16,286,69.99,180
Oct-2000,70.50,7478,61.59,320,68.09,2125,73.66,585,67.35,702,69.05,835,73.83,100,75.17,672,70.08,143,63.81,1545,66.20,270,70.41,181
Nov-2000,70.64,7786,61.94,267,67.96,2530,73.91,570,67.53,694,68.92,738,73.57,116,75.46,628,70.92,194,63.81,1606,65.85,264,70.44,179
Dec-2000,70.79,5814,62.09,184,68.10,1604,74.15,430,67.94,499,68.81,501,73.76,92,75.50,621,71.66,128,63.94,1331,65.38,253,70.63,171
Jan-2001,71.02,5174,62.33,230,68.36,1821,74.90,446,68.51,475,68.46,359,73.72,56,75.69,460,71.80,91,63.99,1024,65.85,114,70.89,98
Feb-2001,71.28,5134,62.02,189,68.34,1692,75.15,339,68.82,506,68.55,356,73.99,50,76.12,444,72.37,68,64.23,1166,66.06,107,71.32,217
Mar-2001,71.52,7344,61.75,292,67.96,2328,75.51,578,69.07,690,69.01,460,74.48,93,76.55,517,72.77,141,64.47,1679,67.68,257,71.93,309
Apr-2001,71.82,9121,61.89,319,68.15,2776,75.46,581,69.37,813,69.76,612,75.18,100,76.90,571,73.20,123,64.84,2516,67.57,371,72.39,339
May-2001,72.25,13884,62.08,410,68.67,2987,75.74,660,69.91,946,70.40,801,75.76,102,77.20,678,73.97,207,65.41,5753,67.93,1012,72.71,328
Jun-2001,72.81,18424,62.43,508,69.44,3647,76.02,797,70.56,1132,70.78,1075,76.11,148,77.68,1020,74.54,351,66.25,7494,67.50,1887,73.15,365
Jul-2001,73.26,12192,62.69,565,69.55,3680,76.41,739,71.07,1048,71.12,1513,76.38,168,78.11,1037,75.57,305,67.22,2258,67.78,598,73.37,281
Aug-2001,73.64,12348,63.08,604,69.58,3851,76.98,813,71.60,1273,71.32,1331,76.88,142,78.45,1263,75.87,308,67.95,1980,68.53,426,73.99,357
Sep-2001,73.92,9010,63.60,404,69.90,2987,77.36,725,72.08,977,71.48,925,76.66,102,78.82,717,76.36,180,67.89,1513,68.63,269,73.97,211
Oct-2001,74.29,9454,64.03,435,70.19,2976,77.79,777,72.70,903,71.51,931,77.22,134,79.39,865,76.47,193,67.76,1763,69.23,310,74.47,167
Nov-2001,74.51,9799,64.33,408,70.34,3407,77.88,617,73.31,881,71.72,722,77.53,147,79.69,767,77.03,208,67.69,2140,69.34,296,74.59,206
Dec-2001,74.69,7522,64.45,269,70.30,2355,78.17,525,73.94,654,71.77,611,77.95,100,79.82,694,77.32,143,67.89,1658,70.04,329,75.11,184
Jan-2002,74.97,7926,64.90,376,70.67,3501,78.60,589,74.51,633,71.62,378,77.61,88,80.06,603,77.73,110,68.03,1269,70.39,172,75.63,207
Feb-2002,75.56,7798,65.06,359,71.28,3158,79.22,449,75.53,657,71.71,400,77.90,109,80.81,587,78.07,116,68.43,1561,70.29,190,76.31,212
Mar-2002,76.40,9640,65.75,404,72.13,3775,79.98,639,76.62,856,72.20,513,78.63,99,81.72,728,78.96,137,69.23,1983,70.60,263,77.25,243
Apr-2002,77.31,12925,66.43,565,72.97,4505,80.72,961,77.96,1001,73.08,700,79.75,127,82.73,807,79.70,141,70.11,3287,70.86,508,77.85,323
May-2002,78.12,17375,67.54,621,73.77,4844,81.44,809,79.02,943,73.85,820,80.83,139,83.44,1033,80.80,249,70.93,6361,71.81,1256,78.15,300
Jun-2002,78.93,19332,68.09,564,74.56,4591,82.11,924,80.10,1205,74.75,1014,81.56,185,84.15,1102,81.52,289,72.10,7222,72.83,1938,78.79,298
Jul-2002,79.64,13778,68.51,579,74.97,4099,82.61,947,81.03,1363,75.67,1490,82.23,197,84.59,1173,82.64,376,73.71,2595,74.14,698,79.69,261
Aug-2002,80.23,12396,68.49,605,75.20,3967,83.20,899,81.70,1362,76.43,1301,82.75,180,85.13,1010,83.52,346,74.88,1981,74.82,380,80.63,365
Sep-2002,80.57,9889,68.78,427,75.10,3274,83.83,827,82.29,1174,76.68,934,83.20,134,85.48,770,84.39,190,75.25,1651,75.43,305,80.83,203
Oct-2002,80.90,9644,68.93,383,75.39,3438,84.60,707,82.62,1030,76.88,867,83.42,111,85.81,684,84.83,180,75.53,1755,75.70,318,80.62,171
Nov-2002,81.19,9412,69.73,430,75.38,3380,84.93,768,83.04,611,76.73,711,83.84,133,86.14,787,85.16,175,75.88,1838,76.14,341,81.10,238
Dec-2002,81.72,7561,70.16,275,75.80,2367,85.37,639,83.32,677,76.86,558,84.20,86,86.63,606,85.74,137,76.73,1721,77.74,367,82.13,128
Jan-2003,82.10,7535,70.74,329,76.05,3208,85.79,665,83.81,707,77.00,340,85.14,120,87.00,532,86.39,85,76.95,1302,77.71,140,83.25,107
Feb-2003,82.72,7074,71.02,336,77.03,2784,86.30,531,84.39,641,77.63,365,85.49,75,87.43,509,86.60,78,77.96,1413,78.40,170,83.90,172
Mar-2003,83.29,8632,71.52,336,77.84,3372,86.75,648,85.11,779,78.12,477,86.28,95,87.93,564,86.88,99,78.56,1815,78.28,216,84.61,231
Apr-2003,83.96,10464,72.19,441,78.65,3745,87.05,642,85.68,826,78.92,524,86.37,114,88.50,625,87.39,110,79.62,2789,80.03,320,85.04,328
May-2003,84.57,14186,73.46,566,79.33,4161,87.58,935,86.34,1022,79.89,749,86.64,153,88.88,749,88.23,180,80.44,4523,81.36,800,85.28,348
Jun-2003,85.13,18141,74.89,633,80.03,4510,87.90,1001,86.84,1101,81.26,940,86.94,165,89.08,966,88.81,259,81.57,6566,82.23,1702,85.53,298
Jul-2003,85.79,13499,76.43,625,80.78,4620,88.32,800,87.38,1150,82.42,1333,87.64,176,89.49,953,89.56,243,82.56,2656,83.13,637,86.25,306
Aug-2003,86.34,12960,77.19,703,81.30,4907,88.75,715,87.64,1157,83.54,1186,88.27,178,89.99,971,89.91,289,83.34,2167,83.87,426,86.85,261
Sep-2003,86.96,12047,78.49,530,82.11,4708,89.09,839,87.92,1235,84.19,987,88.79,136,90.52,889,90.43,180,84.10,2036,84.33,330,87.37,177
Oct-2003,87.50,11339,80.05,525,83.08,4294,89.58,754,88.12,940,84.82,905,88.96,159,90.82,787,90.69,184,84.88,2204,84.63,385,87.48,202
Nov-2003,87.83,9776,81.26,364,83.68,3840,89.79,637,88.53,827,84.77,698,89.02,100,90.99,662,91.17,168,85.16,1943,84.94,357,87.71,180
Dec-2003,88.20,8480,81.34,354,84.31,2829,90.18,619,88.74,725,84.67,658,89.40,94,91.40,645,91.39,153,85.23,1917,85.71,395,87.84,91
Jan-2004,88.53,7493,81.49,322,84.73,3186,90.33,702,89.16,712,84.70,348,89.93,96,91.63,536,91.71,100,85.81,1179,86.02,177,88.26,135
Feb-2004,89.27,6640,81.81,294,86.17,2737,90.92,390,89.58,504,85.38,358,90.45,74,92.05,409,92.33,72,86.68,1438,87.07,175,89.38,189
Mar-2004,90.09,9145,83.56,410,87.63,3738,91.66,590,90.46,728,86.37,446,91.12,75,92.26,575,93.12,96,87.92,1952,88.22,296,90.18,239
Apr-2004,90.87,11513,85.20,536,89.16,4435,92.23,626,91.10,839,87.58,559,91.81,133,92.41,643,93.80,121,89.03,2919,89.58,385,91.64,317
May-2004,91.87,13650,87.39,497,90.64,4310,92.63,807,91.68,1202,88.97,661,92.51,134,93.05,622,94.45,172,90.64,4166,91.01,743,92.40,336
Jun-2004,92.66,18474,89.32,607,91.97,5134,93.04,839,92.29,1259,90.40,940,93.23,163,93.38,890,94.97,260,91.81,6506,92.16,1637,93.18,239
Jul-2004,93.42,12471,90.03,577,92.84,4427,93.43,643,93.03,1164,92.09,1196,93.72,151,94.15,870,95.55,243,92.57,2381,93.34,578,93.56,241
Aug-2004,93.73,11474,90.69,528,93.08,3946,93.91,736,93.85,1362,93.11,1204,94.57,155,94.42,810,96.09,216,92.44,1889,93.38,411,93.73,217
Sep-2004,93.94,9769,90.98,456,92.74,3227,94.17,812,94.27,1043,93.54,1096,94.48,122,94.94,576,96.44,142,92.62,1781,92.99,318,93.90,196
Oct-2004,94.29,8530,91.87,393,93.04,2900,94.84,587,94.45,872,93.51,803,95.21,93,95.28,516,96.65,116,92.88,1732,93.31,351,94.00,167
Nov-2004,94.61,8667,92.07,368,93.10,2980,95.45,605,94.69,769,93.64,790,95.14,89,95.62,501,96.93,106,93.47,1935,93.28,383,95.11,141
Dec-2004,95.22,6790,92.85,312,93.90,2054,96.17,549,95.11,671,93.97,577,95.59,74,96.10,421,97.48,108,94.19,1663,93.94,290,95.81,71
Jan-2005,95.37,5798,93.40,270,93.81,2487,96.17,505,95.62,537,94.06,326,95.35,50,96.27,326,98.15,57,94.51,1028,93.18,141,96.09,71
Feb-2005,96.06,5672,95.02,280,94.60,2255,96.70,420,96.40,532,94.62,335,96.09,60,96.78,230,98.63,70,95.45,1208,94.35,168,96.17,114
Mar-2005,96.50,7671,96.32,324,95.22,3070,97.12,629,97.03,731,95.11,419,96.90,42,96.70,315,99.31,83,96.29,1660,96.07,228,96.81,170
Apr-2005,97.81,9634,98.73,495,96.90,3672,98.40,674,98.00,883,96.18,491,97.58,73,97.85,354,99.75,111,97.78,2296,98.24,326,97.81,259
May-2005,99.05,14487,101.46,511,99.04,3885,99.62,679,98.98,939,98.26,639,98.72,333,98.80,2281,100.11,351,98.73,3867,98.68,721,98.55,281
Jun-2005,100.00,21602,100.00,580,100.00,4785,100.00,692,100.00,967,100.00,860,100.00,704,100.00,4519,100.00,957,100.00,5775,100.00,1466,100.00,297
Jul-2005,100.19,16507,102.74,498,101.36,4290,100.36,810,99.64,1140,99.88,1198,99.20,614,99.99,4240,100.02,944,99.36,2082,98.42,481,99.02,210
Aug-2005,101.56,17073,106.65,583,102.89,4430,102.96,725,102.10,1351,102.73,1096,101.34,735,101.12,4704,100.67,948,99.16,1886,100.17,391,100.33,224
Sep-2005,101.89,14203,106.87,473,103.73,3728,103.58,812,102.51,1033,103.01,924,101.44,579,101.20,3662,100.78,699,99.49,1794,100.58,325,99.88,174
Oct-2005,102.40,12146,107.52,345,104.59,3348,104.52,598,102.99,923,103.08,729,101.93,482,101.53,3054,101.14,536,99.91,1692,100.82,289,99.76,150
Nov-2005,102.93,12510,107.00,344,105.51,3344,105.39,657,103.68,871,103.79,755,102.46,524,101.94,3258,101.44,561,100.40,1731,100.75,320,99.73,145
Dec-2005,103.33,9614,107.50,257,106.56,2219,106.55,624,104.45,646,103.45,521,103.27,383,102.21,2741,101.51,436,99.81,1384,100.76,305,99.71,98
Jan-2006,103.65,8532,106.09,284,107.16,2632,108.45,613,105.57,629,103.67,312,102.89,366,102.21,2236,101.16,286,99.96,918,102.06,142,100.98,114
Feb-2006,104.59,7676,108.14,286,108.92,2241,111.17,483,107.00,528,104.39,293,102.95,290,102.43,1805,101.15,304,100.77,1134,102.79,179,101.52,133
Mar-2006,105.89,10873,110.30,367,110.77,3124,115.18,684,108.39,760,106.07,454,103.11,389,102.91,2552,101.86,481,102.05,1578,103.32,274,103.16,210
Apr-2006,107.43,10784,114.63,375,112.55,3084,119.61,548,110.40,708,108.17,427,104.45,390,103.66,2389,102.91,416,103.21,1954,103.33,309,103.59,184
May-2006,109.16,16406,116.68,498,114.80,3743,125.35,886,112.78,1072,109.61,633,105.81,532,104.52,3320,103.80,619,104.34,4073,104.73,775,104.06,255
Jun-2006,110.74,20743,117.33,552,117.27,4223,130.75,745,116.46,1120,111.33,756,106.63,686,105.25,4510,104.15,1080,104.92,5431,105.51,1429,104.06,211
Jul-2006,113.35,15755,124.97,480,121.68,3791,135.67,635,117.92,1165,115.24,1108,107.89,646,106.36,4262,105.78,1094,107.62,2011,105.09,401,106.71,162
Aug-2006,115.48,15629,125.87,484,126.19,3695,142.70,647,123.43,1251,116.11,1129,108.48,678,106.89,4346,106.20,997,108.03,1857,107.18,403,106.64,142
Sep-2006,116.22,11632,124.51,368,127.86,2746,147.05,493,129.99,1079,116.48,810,107.86,494,106.38,3047,105.89,731,107.74,1430,107.00,282,107.50,152
Oct-2006,116.42,10705,123.78,349,128.53,2494,150.47,439,136.20,939,116.38,714,108.06,450,104.69,2826,105.22,551,108.20,1504,107.64,311,109.05,128
Nov-2006,117.08,10727,123.36,302,129.42,2615,152.28,338,142.02,800,116.06,601,108.20,461,104.68,2865,105.57,571,108.60,1755,106.55,329,108.96,90
Dec-2006,117.11,8312,123.01,267,128.76,1787,153.34,300,145.91,539,115.72,470,107.59,382,104.38,2536,105.30,487,108.81,1251,107.02,231,108.66,62
Jan-2007,117.17,8344,125.00,265,128.36,2128,149.79,479,149.52,842,115.70,393,106.84,349,104.94,2280,103.60,365,109.51,1003,107.95,145,108.25,95
Feb-2007,116.78,7573,126.25,231,128.19,1960,149.53,412,152.15,626,116.19,283,105.63,303,103.73,1882,103.20,327,108.87,1264,109.28,179,109.76,106
Mar-2007,117.98,10532,127.50,371,130.04,2813,150.88,616,157.38,668,116.78,376,106.80,397,104.04,2564,104.10,475,110.20,1776,109.54,292,110.40,184
Apr-2007,120.14,12099,127.74,410,132.42,3174,158.07,697,162.54,753,119.88,466,107.51,420,104.97,2633,106.96,531,111.52,2370,111.43,372,111.40,273
May-2007,122.60,17162,130.11,464,134.59,3852,162.46,796,169.63,842,122.71,657,109.41,571,106.84,3416,107.97,733,113.88,4610,113.52,898,112.59,323
Jun-2007,124.81,22223,131.92,647,136.50,4348,167.22,753,175.39,960,126.36,776,110.84,661,108.77,4878,109.05,1153,114.91,6209,116.71,1542,113.68,296
Jul-2007,126.81,18011,133.17,646,138.44,4391,171.39,853,181.62,1004,128.00,1139,112.79,782,110.66,5023,110.42,1186,115.26,2304,117.53,477,113.82,206
Aug-2007,128.18,18981,134.93,684,140.48,4700,173.72,713,186.06,885,129.86,1183,113.68,787,111.61,5622,111.39,1360,115.45,2373,118.07,479,113.51,195
Sep-2007,129.02,11866,136.41,403,141.98,2978,174.00,589,187.91,611,131.39,845,114.28,496,112.01,3144,112.14,699,116.39,1665,117.98,277,114.79,159
Oct-2007,129.27,12010,138.30,413,143.16,3017,173.26,519,186.87,584,133.46,785,113.33,442,112.07,3234,112.20,672,116.81,1850,117.07,342,114.74,152
Nov-2007,129.60,12532,138.37,452,144.04,3090,172.29,434,183.20,545,135.18,628,113.30,601,112.88,3521,112.65,724,117.36,2023,117.27,394,114.53,120
Dec-2007,129.27,8488,138.81,229,143.99,1840,171.16,410,180.30,480,135.84,534,112.55,341,113.12,2600,111.57,441,116.80,1296,117.48,227,113.22,90
Jan-2008,129.44,8760,138.67,303,144.28,2449,169.04,395,178.45,530,135.34,286,112.47,367,113.67,2665,112.21,372,117.57,1143,119.75,150,114.92,100
Feb-2008,129.19,7642,139.70,236,144.67,2042,167.66,331,176.65,461,135.94,289,112.57,321,113.15,1870,111.54,370,117.59,1387,121.24,190,115.37,145
Mar-2008,129.68,8811,140.39,302,146.96,2375,166.92,387,175.86,586,138.09,330,113.20,358,113.01,2118,113.17,394,118.10,1585,117.05,210,117.56,166
Apr-2008,130.58,11424,142.01,365,148.78,2935,167.83,490,175.28,628,141.77,479,114.69,427,113.20,2411,113.03,558,118.79,2592,123.54,312,119.03,227
May-2008,131.67,15530,142.99,454,150.22,3204,168.37,445,175.98,768,145.04,587,115.23,538,114.18,2984,114.56,813,120.44,4549,120.40,916,119.59,272
Jun-2008,132.70,18595,143.93,468,150.49,3313,168.67,368,175.52,592,147.27,773,117.06,543,115.52,3410,115.16,1052,121.54,6192,127.86,1658,120.99,226
Jul-2008,133.29,16347,143.46,577,150.59,3296,167.96,617,174.95,1133,148.38,1136,118.07,739,116.83,4264,116.31,1267,122.14,2520,128.47,574,120.71,224
Aug-2008,133.51,14845,143.49,503,150.10,2457,165.85,579,173.39,1039,149.12,1067,119.16,717,117.86,4409,117.92,1272,122.30,2158,130.06,473,121.25,171
Sep-2008,132.93,11238,142.46,333,149.56,1986,162.57,518,171.37,926,149.05,928,119.16,451,117.39,2966,118.03,729,122.84,1893,131.15,355,121.22,153
Oct-2008,131.66,10690,141.87,299,147.66,1711,160.89,378,169.39,766,149.01,760,118.87,495,115.49,2836,118.68,798,122.73,2081,132.16,452,120.37,114
Nov-2008,130.16,8229,140.10,180,145.73,1337,159.54,322,166.06,531,148.67,572,118.27,409,113.55,2184,117.29,599,122.64,1732,133.12,296,120.04,67
Dec-2008,128.25,6358,138.19,165,141.60,979,158.00,212,163.31,434,147.74,490,115.75,294,112.31,1675,116.62,445,121.57,1330,132.61,273,118.02,61
Jan-2009,126.17,4499,134.46,132,137.70,944,154.62,144,159.61,246,146.28,246,113.26,209,110.62,1214,114.90,299,122.02,851,133.42,159,117.88,55
Feb-2009,123.97,4776,132.48,159,134.95,1037,154.41,187,157.33,323,143.88,273,111.28,198,107.46,1116,114.73,276,120.50,961,132.45,145,117.84,101
Mar-2009,122.59,6776,131.89,232,133.22,1544,152.62,262,155.41,481,144.16,404,110.22,250,105.14,1500,113.85,379,120.96,1331,133.01,232,119.65,161
Apr-2009,122.20,9015,129.88,275,132.92,2123,151.63,268,155.01,532,145.18,404,110.73,336,104.58,1802,114.07,507,120.85,2200,132.52,369,120.18,199
May-2009,123.08,12556,131.15,383,132.73,2696,148.10,406,155.04,657,147.74,526,111.17,441,106.55,2328,115.44,613,122.94,3535,133.55,730,121.34,241
Jun-2009,124.95,20194,132.27,574,134.43,4049,147.68,487,155.79,978,149.05,809,114.37,627,109.13,3723,117.83,1206,124.75,5997,136.37,1446,121.82,298
Jul-2009,126.79,18202,134.01,623,136.59,4503,149.16,640,156.58,1178,150.71,1071,115.80,682,111.53,4590,120.06,1417,125.54,2665,138.31,595,122.14,238
Aug-2009,129.00,17132,136.50,631,138.98,4680,151.43,597,158.81,1219,151.94,978,117.72,579,114.48,4229,121.32,1179,126.48,2405,139.87,441,122.70,194
Sep-2009,130.52,14251,138.33,495,141.87,3940,153.01,543,160.69,930,153.46,900,116.82,476,116.35,3717,122.17,837,126.17,1878,139.90,387,123.28,148
Oct-2009,132.07,13358,139.69,440,144.38,3719,153.65,409,162.43,732,154.33,691,117.77,539,118.27,3377,122.71,757,126.78,2083,141.57,471,123.82,140
Nov-2009,133.23,12639,140.92,440,147.10,3732,155.06,411,162.44,781,156.76,607,117.64,437,119.21,2790,123.33,715,127.02,2160,142.04,448,125.35,118
Dec-2009,134.63,10470,143.08,315,148.93,2652,157.73,380,163.20,585,158.21,525,118.83,377,120.64,2906,123.82,572,127.74,1722,143.56,338,123.56,98
Jan-2010,135.30,8966,143.49,266,150.50,2923,157.80,304,162.39,430,158.75,313,119.14,354,121.43,2387,124.37,397,128.44,1317,142.15,193,122.87,82
Feb-2010,135.65,7654,144.41,244,151.16,1986,157.11,302,163.60,417,157.99,264,118.74,294,121.91,1963,123.04,389,129.03,1480,144.40,194,122.80,121
Mar-2010,135.97,11033,143.05,398,152.14,2944,156.16,390,163.99,640,158.22,392,119.40,397,121.82,2626,123.48,531,130.02,2228,146.02,303,125.40,184
Apr-2010,137.10,13371,144.26,476,153.59,3286,156.70,363,166.40,695,160.57,464,121.37,488,122.43,3021,124.55,777,131.33,3060,147.29,524,127.39,217
May-2010,138.69,15543,144.01,459,155.28,3524,158.35,550,167.30,807,162.51,574,123.90,441,123.85,2930,127.41,784,133.19,4477,148.51,741,127.95,256
Jun-2010,140.69,25298,146.93,629,156.52,4715,158.83,522,168.12,795,164.44,845,125.79,921,126.89,6556,130.05,1686,134.72,6784,150.73,1601,128.34,244
Jul-2010,141.49,14520,145.32,378,155.88,3010,159.67,506,168.29,1076,164.74,1067,125.87,560,128.51,3577,132.10,1171,135.73,2465,153.46,540,128.96,170
Aug-2010,141.80,12590,145.41,336,155.33,2539,158.73,477,167.74,823,165.14,1044,126.90,555,129.07,3417,133.37,949,136.81,1909,155.74,385,129.70,156
Sep-2010,140.39,10104,143.63,290,154.66,2386,155.25,337,164.89,658,165.28,716,125.82,395,126.92,2346,133.17,682,137.00,1844,155.87,326,128.35,124
Oct-2010,139.71,9523,142.23,247,154.70,2153,153.72,341,163.70,571,166.33,583,125.11,420,125.78,2403,132.93,641,136.47,1706,157.22,332,128.68,126
Nov-2010,139.17,10747,141.13,299,155.71,2526,152.98,334,162.05,622,166.77,661,124.86,476,125.10,2672,132.11,648,134.71,2010,156.36,372,127.73,127
Dec-2010,139.39,8384,139.07,210,156.45,1945,153.48,275,162.03,484,165.83,548,121.89,337,125.66,2065,131.07,528,135.35,1604,154.95,310,130.37,78
Jan-2011,139.86,7435,140.19,222,157.75,2316,152.01,248,159.86,388,165.66,284,121.99,296,126.37,1834,130.46,408,136.43,1200,156.82,167,131.10,72
Feb-2011,140.23,7080,140.80,214,158.48,2110,151.53,236,158.31,381,167.31,257,121.43,255,126.37,1569,130.87,335,138.21,1422,159.22,205,131.05,96
Mar-2011,140.91,10651,141.02,261,159.89,3227,151.05,464,158.51,430,169.38,322,123.89,396,126.82,2254,131.01,529,138.92,2277,160.22,313,130.97,178
Apr-2011,142.22,11802,141.98,357,162.57,3145,151.69,340,159.46,556,171.92,429,124.09,444,127.70,2487,132.26,627,140.25,2817,160.58,441,132.55,159
May-2011,143.98,15462,143.08,344,165.24,3626,152.39,510,161.17,707,172.88,572,125.42,513,129.80,3100,132.99,766,141.68,4414,161.34,721,133.07,189
Jun-2011,146.30,21166,143.25,426,168.16,3895,155.05,555,162.31,937,174.19,802,126.85,707,132.44,4531,135.71,1245,143.30,6267,164.39,1568,134.33,233
Jul-2011,148.14,15349,143.72,393,169.70,3364,158.87,501,163.38,938,175.36,976,128.77,629,134.86,4233,137.29,1237,144.04,2418,166.21,530,133.66,130
Aug-2011,149.46,15587,143.72,426,170.77,3390,160.04,533,164.30,966,177.61,1055,130.00,682,137.01,4592,138.58,1155,144.46,2229,166.16,424,133.40,135
Sep-2011,149.52,12474,144.04,326,170.71,2642,158.73,466,163.74,783,178.69,880,130.66,518,137.74,3451,138.53,892,143.99,1994,165.48,399,131.90,123
Oct-2011,149.46,11844,141.92,252,170.15,2324,156.39,441,163.49,737,179.32,665,130.75,542,138.81,3901,137.94,649,143.86,1845,165.98,368,130.68,120
Nov-2011,149.11,12347,140.64,281,169.81,2296,153.81,368,163.65,610,179.23,700,130.41,530,138.55,4137,137.71,705,144.43,2229,165.69,365,131.32,126
Dec-2011,148.87,10358,139.51,229,169.29,1803,154.88,358,163.64,494,180.28,531,131.28,432,138.15,3709,137.04,526,143.69,1827,166.18,383,132.48,66
Jan-2012,149.02,8546,140.00,211,168.84,1910,154.38,273,161.79,433,180.64,349,131.67,357,138.91,3002,137.49,413,144.06,1333,165.61,185,133.42,80
Feb-2012,148.76,8112,138.47,234,168.30,1790,153.47,287,160.12,412,180.96,299,130.57,347,138.98,2564,136.92,368,144.32,1504,168.19,189,134.00,118
Mar-2012,149.43,10850,139.94,266,169.48,2359,152.41,342,160.09,533,180.66,366,131.29,447,139.51,3214,137.02,565,146.02,2231,167.86,387,136.67,140
Apr-2012,150.61,11081,139.40,112,170.57,1054,154.54,394,162.42,735,183.26,387,131.46,489,140.66,3747,137.87,588,147.18,2950,166.77,439,138.85,186
May-2012,152.34,17859,139.45,341,172.46,2761,157.64,594,164.72,962,185.09,612,132.74,617,142.68,4678,138.74,794,148.06,5315,167.43,902,139.45,283
Jun-2012,154.21,22005,140.40,343,173.33,2942,160.36,657,166.78,887,187.84,776,133.69,828,145.03,6122,141.14,1117,149.66,6505,169.71,1656,140.73,172
Jul-2012,155.28,18637,143.15,500,172.44,3738,160.68,643,167.40,1175,188.40,1052,136.41,808,147.32,6026,141.95,1261,150.19,2708,173.16,546,140.92,180
Aug-2012,155.52,16894,142.11,387,170.31,2344,161.40,640,168.57,1090,189.14,1038,139.17,881,148.39,6277,143.07,1217,150.39,2394,172.10,487,141.66,139
Sep-2012,154.97,11135,140.28,260,168.28,2172,162.22,471,167.33,700,189.95,899,139.63,480,148.55,3538,141.94,574,149.49,1646,171.73,264,142.42,131
Oct-2012,154.59,11221,139.49,274,168.46,1880,161.90,444,167.81,761,189.94,750,140.18,491,147.72,3677,141.41,594,149.07,1891,170.25,353,142.26,106
Nov-2012,154.02,11433,138.20,240,167.51,2007,162.61,388,166.28,640,188.60,561,139.75,582,147.33,3743,140.75,700,148.45,2032,170.14,439,140.92,101
Dec-2012,153.45,8528,139.51,219,165.89,1780,161.17,323,166.16,458,187.32,505,141.01,340,146.84,2745,140.57,399,148.06,1500,173.11,218,139.88,41
Jan-2013,153.00,7245,141.51,125,164.55,1244,161.01,294,164.95,429,186.76,427,139.47,329,146.29,2599,141.23,358,147.80,1216,175.53,163,142.24,61
Feb-2013,152.72,6573,139.48,143,165.72,1172,159.02,257,164.37,406,188.19,232,139.00,304,145.84,2161,140.15,295,147.24,1318,177.04,196,142.42,89
Mar-2013,153.31,8365,135.04,166,166.98,1473,161.12,269,166.00,526,188.74,319,137.71,399,146.09,2701,140.23,427,148.27,1695,177.83,281,142.88,109
Apr-2013,153.68,11647,134.84,249,165.63,2312,163.06,425,168.19,650,191.27,428,138.51,512,146.67,3416,139.99,572,149.04,2505,177.01,413,142.68,165
May-2013,155.39,16279,133.76,281,166.87,2230,166.84,569,171.32,742,193.63,626,140.48,603,148.20,4428,141.48,852,150.90,4851,178.34,912,142.65,185
Jun-2013,157.00,18725,133.96,331,168.42,2644,169.21,655,171.79,977,195.23,467,142.99,723,150.30,5040,142.71,929,151.80,5524,179.19,1271,143.90,164
Jul-2013,158.16,17780,137.41,484,168.92,3416,170.12,549,173.18,1069,194.47,1139,145.58,759,152.30,5890,143.20,1163,151.83,2652,179.70,529,143.01,130
Aug-2013,159.12,17169,138.49,428,170.18,3037,171.89,631,172.88,1142,194.07,835,146.78,850,154.10,6413,143.47,1148,151.44,2201,178.16,417,140.74,67
Sep-2013,159.12,14263,139.51,364,171.11,3303,171.23,643,171.91,869,193.83,1144,147.81,508,154.07,4337,143.41,997,150.69,1740,177.41,281,139.85,77
Oct-2013,159.34,11829,138.73,241,173.00,1832,172.69,568,171.45,914,193.69,681,146.66,535,153.76,4127,142.65,636,150.48,1903,176.71,283,141.28,109
Nov-2013,159.21,12326,136.22,300,174.04,2556,172.23,439,171.19,701,193.82,637,147.03,605,153.50,4155,142.39,592,149.65,1909,176.42,327,142.07,105
Dec-2013,159.29,10212,133.92,251,175.03,2360,171.67,417,172.16,568,193.66,509,146.17,418,154.05,3432,141.98,412,148.71,1532,175.64,258,140.43,55
Jan-2014,160.33,9171,133.48,143,176.94,1604,172.42,432,172.23,488,193.96,403,146.63,421,154.80,3016,141.99,916,151.32,1489,175.39,214,138.06,45
Feb-2014,160.83,7544,134.70,197,178.47,1734,174.34,262,173.18,334,194.84,220,145.97,285,154.67,2316,140.84,559,152.41,1382,173.35,218,135.69,37
Mar-2014,161.23,9915,135.27,217,179.62,2359,176.72,446,173.82,559,195.23,382,144.92,373,154.63,2765,138.97,690,152.79,1786,173.40,281,136.83,57
Apr-2014,162.07,11661,133.88,236,180.52,2141,179.39,326,174.88,595,196.00,344,145.92,459,155.15,3494,140.25,859,153.40,2659,175.03,436,137.75,112
May-2014,163.33,17234,133.79,320,180.47,2600,181.29,579,175.85,1073,195.51,253,148.80,669,157.16,4545,141.19,1278,153.93,4809,178.92,981,142.07,127
Jun-2014,164.58,22610,136.17,464,178.75,3899,182.89,442,177.82,1069,194.42,486,153.39,837,159.43,5954,143.71,1696,155.28,6189,180.23,1378,140.36,196
Jul-2014,166.23,20346,140.90,497,179.16,3462,183.99,875,179.59,1445,194.21,1275,155.87,873,162.35,6498,144.59,1833,155.75,2817,180.63,577,141.36,194
Aug-2014,167.52,20153,141.38,574,180.63,4454,185.41,583,180.59,1194,197.78,1115,156.61,937,164.37,6771,145.91,1729,155.11,2169,181.61,408,142.04,219
Sep-2014,168.11,14094,138.84,372,182.20,2844,187.42,544,180.60,1166,198.81,752,156.05,668,165.48,4935,144.78,990,154.14,1455,181.36,243,143.01,125
Oct-2014,168.33,14362,138.62,344,184.31,2835,188.35,540,179.83,896,198.04,1026,157.38,653,165.08,5007,143.71,1049,154.15,1595,179.42,294,141.82,123
Nov-2014,168.06,13407,138.19,454,184.36,3883,188.02,360,181.77,770,196.75,726,157.39,590,164.63,4122,143.32,836,153.92,1352,176.31,210,139.57,104
Dec-2014,167.96,10655,138.17,247,183.71,1966,185.99,360,182.17,657,196.66,482,157.61,493,165.20,4066,143.06,743,154.08,1342,176.39,221,136.94,78
Jan-2015,168.62,8397,139.41,201,185.94,1784,184.68,313,182.74,483,194.74,396,157.15,437,166.18,3201,142.09,526,154.15,883,177.68,109,137.60,64
Feb-2015,168.82,7683,140.04,193,188.66,2105,184.10,228,181.24,453,192.88,234,157.60,357,165.99,2500,139.97,484,154.07,938,177.89,141,136.72,50
Mar-2015,169.18,9891,139.70,250,189.14,2638,184.45,242,181.93,572,193.33,288,157.07,406,166.42,3186,139.30,607,154.63,1392,178.37,219,138.36,91
Apr-2015,169.35,11514,139.47,290,189.20,2507,184.85,271,183.11,529,197.00,345,156.99,492,166.44,3812,138.88,812,154.54,2043,178.60,315,139.39,98
May-2015,170.74,16243,140.19,433,191.58,3560,178.84,326,184.28,642,197.39,598,157.97,623,169.10,4809,140.37,1139,155.97,3299,180.90,696,142.62,118
Jun-2015,172.98,23164,143.87,554,193.90,4969,183.23,454,184.27,886,196.80,249,161.85,969,171.86,6989,142.31,1771,156.75,4914,181.18,1261,142.05,148
Jul-2015,175.10,21028,146.36,623,196.94,4720,179.75,542,182.93,1150,195.89,605,166.27,1060,175.91,7511,145.15,1968,157.60,2302,181.42,408,140.56,139
Aug-2015,176.88,19764,145.89,728,198.08,5392,186.70,546,182.02,1007,197.08,792,170.33,1000,178.75,6855,145.08,1463,156.99,1657,180.26,261,140.05,63
Sep-2015,177.91,15086,147.08,436,201.20,3395,187.98,488,182.04,992,194.32,623,172.53,709,179.79,5522,144.81,1109,156.52,1527,177.63,245,142.71,40
Oct-2015,178.21,14647,147.55,391,202.42,3471,186.51,366,182.33,808,198.09,729,172.08,699,180.35,5130,144.07,1132,156.13,1617,178.65,262,140.30,42
Nov-2015,178.68,15066,150.15,519,205.15,4685,184.20,313,180.77,672,197.48,537,172.52,665,180.53,4834,143.45,978,156.93,1595,179.30,237,138.32,31
Dec-2015,178.79,10976,150.17,271,207.40,2089,181.10,305,180.21,485,194.55,605,171.51,553,180.82,4299,142.59,750,156.57,1375,180.95,220,140.45,24
Jan-2016,178.78,10315,151.25,271,209.17,3040,179.79,320,179.24,537,195.16,627,173.30,428,180.51,3436,141.60,566,155.68,944,179.60,130,140.31,16
Feb-2016,179.90,9151,152.62,305,215.95,2788,178.09,183,179.40,351,195.45,301,172.64,405,180.93,2997,140.71,561,154.94,1109,178.61,136,136.25,15
Mar-2016,181.39,11459,151.51,338,221.89,2902,177.62,683,180.96,685,195.60,283,173.62,469,181.47,3706,141.34,702,155.97,1474,177.77,196,132.04,21
Apr-2016,183.59,14664,152.29,424,226.68,3736,177.96,829,180.78,839,197.11,384,175.30,568,183.93,4388,141.94,911,157.41,2155,177.86,380,134.78,50
May-2016,186.55,19886,155.28,731,233.17,5192,178.44,938,181.20,916,197.47,381,179.79,713,186.99,5693,143.90,1088,158.32,3539,180.07,610,135.96,85
Jun-2016,190.59,24916,161.79,703,239.22,4829,178.82,1153,180.69,1153,200.13,262,184.12,938,193.15,7505,145.25,1805,158.99,5162,182.28,1246,141.03,160
Jul-2016,194.41,22154,167.88,836,244.81,5380,178.71,1176,180.67,1207,203.41,714,188.54,966,199.22,7506,146.55,1886,159.91,2012,183.19,347,140.48,124
Aug-2016,197.55,23976,171.49,890,249.09,5671,178.33,1311,181.40,1520,203.15,1377,192.40,1033,204.83,8272,147.49,1784,160.47,1714,180.81,295,141.53,109
Sep-2016,199.26,19591,173.44,676,249.53,3577,178.82,1205,180.76,1244,203.30,924,195.10,802,209.28,7922,147.25,1358,160.15,1554,179.78,273,141.47,56
Oct-2016,199.89,15461,174.00,532,248.01,3198,179.78,987,180.68,1011,204.03,623,197.91,620,211.71,5797,147.35,983,159.30,1470,179.34,208,141.12,32
Nov-2016,200.10,15899,174.64,471,244.71,2621,180.99,1150,180.34,1015,203.54,562,200.66,715,213.95,6289,146.14,1074,158.84,1708,179.54,227,141.93,67
Dec-2016,200.69,12602,176.78,372,242.64,2162,182.14,554,180.47,554,201.11,550,201.47,577,216.53,5307,145.58,825,158.63,1419,179.74,244,142.51,38
Jan-2017,201.59,11425,177.11,321,243.39,1807,182.25,1005,180.22,876,199.78,448,203.73,491,218.30,4779,144.92,596,159.29,922,181.12,118,142.50,62
Feb-2017,203.55,11281,176.95,355,246.86,2120,179.87,864,179.28,644,198.77,354,206.66,622,222.46,4467,145.46,519,159.49,1082,180.43,171,139.82,83
Mar-2017,205.39,12797,178.78,328,248.97,2139,179.42,1006,175.98,752,199.99,298,211.02,633,226.47,4859,145.40,836,160.30,1645,177.20,204,137.43,97
Apr-2017,207.82,12772,181.48,375,248.68,2238,179.90,948,176.21,684,201.90,273,215.39,618,232.38,4497,145.29,792,161.21,1958,174.94,273,139.38,116
May-2017,212.22,20728,185.94,570,252.30,3766,180.73,1595,177.29,1197,202.79,465,222.03,950,240.71,6487,146.48,1256,162.16,3638,176.90,654,141.27,150
Jun-2017,217.57,25527,189.98,591,258.52,3876,181.25,1759,180.46,1274,202.23,379,231.19,1103,249.66,7943,148.23,2069,163.37,5293,180.56,1069,143.63,171
Jul-2017,221.68,23791,195.30,822,265.77,5511,182.01,1806,181.51,1351,203.70,810,236.07,1088,254.93,7384,151.14,1992,164.80,2404,181.89,392,142.12,231
Aug-2017,223.07,22095,198.88,654,272.18,4004,182.19,1750,182.99,1409,206.42,713,237.51,1135,253.84,7716,152.98,2060,165.54,2117,181.15,278,142.52,259
Sep-2017,221.49,17345,198.97,578,275.85,3819,183.44,1541,183.32,1178,205.74,855,233.10,730,247.04,5230,153.37,1341,166.21,1671,181.29,236,141.97,166
Oct-2017,219.22,15311,199.12,416,277.75,3150,182.99,1308,182.06,996,204.21,702,228.98,684,240.15,4735,152.94,1199,166.30,1738,181.99,232,143.75,151
Nov-2017,218.08,15772,199.10,431,277.85,3259,184.28,1415,180.70,1161,205.23,463,225.28,712,236.73,4998,151.83,1125,167.12,1804,183.59,228,144.90,176
Dec-2017,218.59,13642,197.06,364,281.40,2876,183.10,970,180.87,720,209.19,399,224.19,600,236.07,4933,152.58,932,167.77,1520,182.56,218,147.62,110
Jan-2018,219.19,12502,198.96,433,284.64,3059,182.48,1146,180.27,881,206.88,272,223.63,603,236.57,4223,151.94,604,167.94,1071,178.95,113,146.12,97
Feb-2018,218.90,9675,199.04,268,285.83,2100,180.97,859,178.79,647,204.77,210,224.08,452,236.22,3214,150.84,557,167.44,1162,176.32,131,147.29,75
Mar-2018,218.96,11602,201.07,316,287.39,2129,180.17,875,176.41,785,205.85,481,223.42,498,236.22,3654,149.76,804,167.15,1709,176.54,234,145.79,117
Apr-2018,219.49,12656,201.44,342,288.19,2187,180.17,926,176.88,716,204.29,304,225.11,619,236.78,4001,149.62,911,167.54,2182,179.10,339,146.70,129
May-2018,221.73,17518,205.05,459,291.20,2848,180.84,1197,178.19,1106,206.95,448,226.03,684,239.90,4714,152.23,1404,168.06,3803,180.19,683,146.75,172
Jun-2018,223.82,22712,207.73,445,292.84,2699,181.84,1560,180.87,1522,204.89,405,230.16,931,242.67,6068,155.24,2050,169.24,5540,181.83,1241,148.20,251
Jul-2018,225.57,19911,208.53,604,294.03,3534,181.81,1314,182.07,1060,208.83,566,232.61,930,244.70,6413,158.81,2276,171.41,2570,182.91,400,149.97,244
Aug-2018,226.12,20634,208.77,483,292.98,2616,181.33,1806,182.36,1638,209.10,957,235.86,1093,245.37,6808,160.99,2323,173.43,2283,183.74,329,149.11,298
Sep-2018,226.23,15072,209.84,517,293.02,2954,181.08,1303,182.41,1149,211.50,816,236.35,625,245.12,4569,161.23,1225,174.27,1539,182.64,204,148.75,171
Oct-2018,225.38,14077,209.57,345,290.60,1930,180.46,1072,181.09,1025,211.07,768,235.28,685,244.67,4703,160.54,1177,174.65,1938,180.88,261,147.21,173
Nov-2018,224.74,16309,209.57,317,288.76,1976,179.30,1289,180.00,1139,209.95,781,235.11,896,244.43,5727,159.88,1445,174.45,2271,183.01,317,147.35,151
Dec-2018,224.07,11369,208.79,377,285.36,1953,178.27,786,177.48,601,208.16,487,234.06,567,244.85,3901,161.54,900,175.10,1495,182.30,189,147.56,113
Jan-2019,223.96,10306,208.77,265,284.58,1546,177.43,922,176.00,803,208.27,393,233.96,505,245.16,3853,161.00,682,175.43,1119,184.58,135,148.66,83
Feb-2019,223.00,8462,204.68,199,282.65,1341,176.06,666,175.89,631,207.46,249,230.79,412,244.62,2850,159.94,576,176.07,1319,182.45,153,149.04,66
Mar-2019,222.30,10059,202.44,218,281.35,1384,175.14,898,176.56,784,206.83,289,230.58,495,243.91,3203,157.55,712,176.28,1731,183.38,240,150.19,105
Apr-2019,222.22,13023,202.77,314,280.09,1982,174.57,865,176.66,661,202.68,558,232.44,621,244.56,4038,158.91,1067,176.01,2418,182.65,358,148.50,141
May-2019,223.26,18910,204.17,463,279.40,2661,175.12,1028,176.16,912,203.77,558,237.47,874,246.21,5389,161.58,1661,176.89,4225,184.06,927,149.84,212
Jun-2019,224.96,22015,208.39,428,278.61,2233,175.02,1281,176.21,1250,204.00,504,241.32,1031,249.49,6332,165.07,1996,178.34,5543,184.54,1142,152.15,275
Jul-2019,226.57,21881,209.73,540,275.70,2229,176.24,1802,177.01,1511,209.87,873,244.52,1098,252.63,7615,168.39,2366,181.36,3017,184.67,473,154.58,357
Aug-2019,227.51,21201,210.22,508,273.56,2393,177.23,1503,176.78,1448,211.37,748,246.29,1190,254.66,7854,171.26,2407,183.40,2419,183.91,418,157.36,313
Sep-2019,227.72,16710,209.66,482,272.21,2556,177.59,1298,176.74,1103,212.59,846,246.53,825,255.01,5662,172.66,1481,185.21,1974,182.56,282,157.40,201
Oct-2019,227.60,16973,211.07,400,272.67,2679,177.40,1219,174.99,1074,211.69,698,245.94,855,254.61,5945,172.94,1448,185.07,2151,182.70,284,159.42,220
Nov-2019,227.96,18468,211.11,513,273.78,3806,177.69,1159,175.20,1052,210.39,708,246.90,902,254.70,5906,172.89,1504,185.56,2410,184.61,343,157.30,165
Dec-2019,228.44,13574,211.15,311,273.81,2066,176.60,892,174.84,765,210.28,355,247.95,642,255.82,4881,173.46,1127,186.25,2081,185.01,291,158.41,163
Jan-2020,228.60,11740,209.36,228,274.33,1665,174.61,1002,175.04,727,208.87,399,250.01,631,256.23,4540,173.70,839,187.17,1440,182.39,170,158.21,99
Feb-2020,229.41,10446,209.70,267,276.58,2435,173.07,714,172.69,624,208.98,367,249.19,463,257.21,3183,173.81,692,189.27,1433,181.57,188,159.53,80
Mar-2020,230.83,12240,209.74,260,279.41,2059,172.84,952,171.72,763,207.37,370,250.18,545,259.43,3895,175.77,857,189.58,2120,182.16,285,159.71,134
Apr-2020,233.94,13720,212.18,299,281.11,2108,173.18,1121,171.75,923,209.24,406,253.04,640,264.58,4319,179.95,1007,192.74,2349,182.65,409,162.63,139
May-2020,236.55,14709,211.14,344,281.23,2442,172.92,782,173.22,666,210.66,396,257.08,739,270.13,4203,183.82,1144,194.04,3011,183.72,812,165.56,170
Jun-2020,238.19,16700,212.86,293,281.75,1675,172.76,824,171.95,712,214.45,395,261.52,750,272.16,4514,186.55,1598,196.67,4327,184.59,1421,170.05,191
Jul-2020,239.01,17517,212.31,429,281.67,2707,172.93,1025,172.43,989,216.76,806,262.82,853,272.98,4783,188.80,1880,198.25,3043,187.25,732,171.80,270
Aug-2020,240.43,20920,217.19,534,282.34,2778,172.88,1665,172.59,1665,218.24,1222,267.02,1056,273.31,6566,192.92,2022,201.99,2650,188.17,449,174.88,313
Sep-2020,243.01,21533,217.82,637,284.07,3278,173.03,1263,175.31,1167,219.21,973,272.17,1169,276.11,7267,197.31,1895,205.76,3052,192.38,525,176.57,307
Oct-2020,246.09,25050,221.63,746,288.26,4454,173.24,1666,176.28,1547,220.20,974,277.95,1293,278.82,8391,202.57,2059,209.46,3005,194.21,596,179.15,319
Nov-2020,248.39,21662,224.10,567,291.05,3631,173.66,1245,176.95,1042,221.46,749,283.13,1165,280.99,7710,205.25,1922,212.43,2851,195.50,498,182.04,282
